{"cameraMode":{"drawMode":0,"name":"Shaded","section":"Shading Mode"},"sceneLighting":true,"audioPlay":false,"sceneViewState":{"showFog":true,"showMaterialUpdate":false,"showSkybox":true,"showFlares":true,"showImageEffects":true,"showParticleSystems":true},"in2DMode":false,"pivot":{"x":-69.14180755615235,"y":-181.46644592285157,"z":-356.8372802734375},"rotation":{"x":-0.01722770184278488,"y":0.9721196293830872,"z":-0.22127696871757508,"w":-0.0756850466132164},"size":226.64791870117188,"orthographic":false}